{
    "ftxClassicPair": [
        "BTC/USD",
        "ETH/USD",
        "BNB/USD",
        "LTC/USD",
        "DOGE/USD",
        "XRP/USD",
        "SOL/USD",
        "SHIB/USD",
        "LINK/USD",
        "UNI/USD",
        "MATIC/USD",
        "AXS/USD",
        "CRO/USD",
        "FTT/USD",
        "TRX/USD",
        "BCH/USD",
        "FTM/USD",
        "GRT/USD",
        "AAVE/USD",
        "OMG/USD",
        "LRC/USD",
        "SUSHI/USD",
        "MANA/USD",
        "SRM/USD",
        "RUNE/USD",
        "SAND/USD",
        "CHZ/USD",
        "CRV/USD",
        "RAY/USD"
    ],
    "ftxClassicPair2": [
        "BTC/USD",
        "ETH/USD",
        "BNB/USD",
        "LTC/USD",
        "DOGE/USD",
        "XRP/USD",
        "SOL/USD",
        "SHIB/USD",
        "LINK/USD",
        "UNI/USD",
        "MATIC/USD",
        "AXS/USD",
        "CRO/USD",
        "FTT/USD",
        "TRX/USD",
        "BCH/USD",
        "FTM/USD"
    ],
    "hitbtc2018": [
        "BTC/USDT",
        "ETH/USDT",
        "LTC/USDT",
        "ADA/USDT",
        "TRX/USDT",
        "ETC/USDT",
        "ENJ/USDT",
        "XRP/USDT",
        "ZEC/USDT",
        "DOGE/USDT",
        "XTZ/USDT",
        "DASH/USDT",
        "XMR/USDT",
        "EOS/USDT",
        "IOTA/USDT",
        "XEM/USDT",
        "QTUM/USDT",
        "XLM/USDT",
        "NEO/USDT",
        "ZRX/USDT",
        "OMG/USDT",
        "XVG/USDT",
        "BTG/USDT",
        "ZIL/USDT"
    ],
    "binanceTop5":[
        "BTC/USDT",
        "ETH/USDT",
        "BNB/USDT",
        "SOL/USDT",
        "ADA/USDT"
    ],"binanceTop30":[
        "BTC/USDT",
        "ETH/USDT",
        "BNB/USDT",
        "XRP/USDT",
        "ADA/USDT",
        "SOL/USDT",
        "DOGE/USDT",
        "DOT/USDT",
        "TRX/USDT",
        "AVAX/USDT",
        "MATIC/USDT",
        "LTC/USDT",
        "FTT/USDT",
        "LINK/USDT",
        "XMR/USDT",
        "XLM/USDT",
        "NEAR/USDT",
        "ALGO/USDT",
        "ATOM/USDT",
        "VET/USDT",
        "MANA/USDT",
        "APE/USDT",
        "XTZ/USDT",
        "SAND/USDT",
        "THETA/USDT",
        "EGLD/USDT",
        "EOS/USDT",
        "AAVE/USDT",
        "FTM/USDT"
    ],
    "kucoin_top30": [
        "BTC/USDT",
        "ETH/USDT",
        "LUNA/USDT",
        "ATOM/USDT",
        "FTM/USDT",
        "ADA/USDT",
        "MATIC/USDT",
        "NEAR/USDT",
        "AVAX/USDT",
        "DOT/USDT",
        "BNB/USDT",
        "ONE/USDT",
        "SOL/USDT",
        "ROSE/USDT",
        "XRP/USDT",
        "LINK/USDT",
        "GLMR/USDT",
        "SHIB/USDT",
        "VRA/USDT",
        "QNT/USDT",
        "SAND/USDT",
        "FLUX/USDT",
        "THETA/USDT",
        "KCS/USDT",
        "LTC/USDT",
        "DYDX/USDT",
        "MANA/USDT",
        "CRO/USDT",
        "LRC/USDT",
        "TRX/USDT",
        "XLM/USDT",
        "DOGE/USDT",
        "CRV/USDT",
        "ALGO/USDT",
        "AAVE/USDT",
        "ENJ/USDT"
    ],
    "ftx_main_list": [
        "BTC/USD",
        "DOGE/USD",
        "MANA/USD",
        "CHZ/USD",
        "AAVE/USD",
        "BNB/USD",
        "ETH/USD",
        "MATIC/USD",
        "XRP/USD",
        "SAND/USD",
        "OMG/USD",
        "CRV/USD",
        "TRX/USD",
        "FTT/USD",
        "GRT/USD",
        "SRM/USD",
        "FTM/USD",
        "LTC/USD",
        "RUNE/USD",
        "CRO/USD",
        "UNI/USD",
        "SUSHI/USD",
        "LRC/USD",
        "LINK/USD",
        "BCH/USD",
        "AXS/USD",
        "RAY/USD",
        "SOL/USD",
        "AVAX/USD"
    ],
    "hitbtc_2018": [
        "BTC/USDT",
        "ETH/USDT",
        "LTC/USDT",
        "ADA/USDT",
        "TRX/USDT",
        "ETC/USDT",
        "ENJ/USDT",
        "XRP/USDT",
        "ZEC/USDT",
        "DOGE/USDT",
        "XTZ/USDT",
        "DASH/USDT",
        "XMR/USDT",
        "EOS/USDT",
        "IOTA/USDT",
        "XEM/USDT",
        "QTUM/USDT",
        "XLM/USDT",
        "NEO/USDT",
        "ZRX/USDT",
        "OMG/USDT",
        "XVG/USDT",
        "BTG/USDT",
        "ZIL/USDT"
    ],
    "Binance_futures_all": [
        "BTC/USDT",
        "ETH/USDT",
        "BCH/USDT",
        "XRP/USDT",
        "EOS/USDT",
        "LTC/USDT",
        "TRX/USDT",
        "ETC/USDT",
        "LINK/USDT",
        "XLM/USDT",
        "ADA/USDT",
        "XMR/USDT",
        "DASH/USDT",
        "ZEC/USDT",
        "XTZ/USDT",
        "BNB/USDT",
        "ATOM/USDT",
        "ONT/USDT",
        "IOTA/USDT",
        "BAT/USDT",
        "VET/USDT",
        "NEO/USDT",
        "QTUM/USDT",
        "IOST/USDT",
        "THETA/USDT",
        "ALGO/USDT",
        "ZIL/USDT",
        "KNC/USDT",
        "ZRX/USDT",
        "COMP/USDT",
        "OMG/USDT",
        "DOGE/USDT",
        "SXP/USDT",
        "KAVA/USDT",
        "BAND/USDT",
        "RLC/USDT",
        "WAVES/USDT",
        "MKR/USDT",
        "SNX/USDT",
        "DOT/USDT",
        "YFI/USDT",
        "BAL/USDT",
        "CRV/USDT",
        "TRB/USDT",
        "RUNE/USDT",
        "SUSHI/USDT",
        "SRM/USDT",
        "EGLD/USDT",
        "SOL/USDT",
        "ICX/USDT",
        "STORJ/USDT",
        "BLZ/USDT",
        "UNI/USDT",
        "AVAX/USDT",
        "FTM/USDT",
        "HNT/USDT",
        "ENJ/USDT",
        "FLM/USDT",
        "TOMO/USDT",
        "REN/USDT",
        "KSM/USDT",
        "NEAR/USDT",
        "AAVE/USDT",
        "FIL/USDT",
        "RSR/USDT",
        "LRC/USDT",
        "MATIC/USDT",
        "OCEAN/USDT",
        "CVC/USDT",
        "BEL/USDT",
        "CTK/USDT",
        "AXS/USDT",
        "ALPHA/USDT",
        "ZEN/USDT",
        "SKL/USDT",
        "GRT/USDT",
        "1INCH/USDT",
        "CHZ/USDT",
        "SAND/USDT",
        "ANKR/USDT",
        "BTS/USDT",
        "LIT/USDT",
        "UNFI/USDT",
        "REEF/USDT",
        "RVN/USDT",
        "SFP/USDT",
        "XEM/USDT",
        "COTI/USDT",
        "CHR/USDT",
        "MANA/USDT",
        "ALICE/USDT",
        "HBAR/USDT",
        "ONE/USDT",
        "LINA/USDT",
        "STMX/USDT",
        "DENT/USDT",
        "CELR/USDT",
        "MTL/USDT",
        "OGN/USDT",
        "NKN/USDT",
        "SC/USDT",
        "DGB/USDT",
        "ICP/USDT",
        "BAKE/USDT",
        "GTC/USDT",
        "TLM/USDT",
        "IOTX/USDT",
        "AUDIO/USDT",
        "RAY/USDT",
        "C98/USDT",
        "MASK/USDT",
        "ATA/USDT",
        "DYDX/USDT",
        "GALA/USDT",
        "CELO/USDT",
        "AR/USDT",
        "KLAY/USDT",
        "ARPA/USDT",
        "CTSI/USDT",
        "LPT/USDT",
        "ENS/USDT",
        "PEOPLE/USDT",
        "ANT/USDT",
        "ROSE/USDT",
        "DUSK/USDT",
        "FLOW/USDT",
        "IMX/USDT",
        "API3/USDT",
        "GMT/USDT",
        "APE/USDT",
        "BNX/USDT",
        "WOO/USDT",
        "FTT/USDT",
        "JASMY/USDT",
        "DAR/USDT",
        "GAL/USDT"
    ],
    "binanceTop30_BUSD":[
        "BTC/BUSD",
        "ETH/BUSD",
        "BNB/BUSD",
        "XRP/BUSD",
        "ADA/BUSD",
        "SOL/BUSD",
        "DOGE/BUSD",
        "DOT/BUSD",
        "TRX/BUSD",
        "AVAX/BUSD",
        "MATIC/BUSD",
        "LTC/BUSD",
        "FTT/BUSD",
        "LINK/BUSD",
        "XMR/BUSD",
        "XLM/BUSD",
        "NEAR/BUSD",
        "ALGO/BUSD",
        "ATOM/BUSD",
        "VET/BUSD",
        "MANA/BUSD",
        "APE/BUSD",
        "XTZ/BUSD",
        "SAND/BUSD",
        "THETA/BUSD",
        "EGLD/BUSD",
        "EOS/BUSD",
        "AAVE/BUSD",
        "FTM/BUSD"
    ],"binanceTop30_live":[
        "BTC/USDT",
        "ETH/USDT",
        "BNB/USDT",
        "XRP/USDT",
        "SOL/USDT",
        "DOGE/USDT",
        "DOT/USDT",
        "AVAX/USDT",
        "MATIC/USDT",
        "LTC/USDT",
        "FTT/USDT",
        "LINK/USDT",
        "NEAR/USDT",
        "ALGO/USDT",
        "ATOM/USDT",
        "MANA/USDT",
        "APE/USDT",
        "SAND/USDT",
        "AAVE/USDT",
        "FTM/USDT"
    ]
}